"","zip"
"1",73301
"2",73344
"3",73960
"4",75001
"5",75002
"6",75006
"7",75007
"8",75009
"9",75010
"10",75011
"11",75013
"12",75014
"13",75015
"14",75016
"15",75017
"16",75019
"17",75020
"18",75021
"19",75022
"20",75023
"21",75024
"22",75025
"23",75026
"24",75027
"25",75028
"26",75029
"27",75030
"28",75032
"29",75033
"30",75034
"31",75035
"32",75037
"33",75038
"34",75039
"35",75040
"36",75041
"37",75042
"38",75043
"39",75044
"40",75045
"41",75046
"42",75047
"43",75048
"44",75049
"45",75050
"46",75051
"47",75052
"48",75053
"49",75054
"50",75056
"51",75057
"52",75058
"53",75060
"54",75061
"55",75062
"56",75063
"57",75064
"58",75065
"59",75067
"60",75068
"61",75069
"62",75070
"63",75071
"64",75074
"65",75075
"66",75076
"67",75077
"68",75078
"69",75080
"70",75081
"71",75082
"72",75083
"73",75085
"74",75086
"75",75087
"76",75088
"77",75089
"78",75090
"79",75091
"80",75092
"81",75093
"82",75094
"83",75097
"84",75098
"85",75099
"86",75101
"87",75102
"88",75103
"89",75104
"90",75105
"91",75106
"92",75109
"93",75110
"94",75114
"95",75115
"96",75116
"97",75117
"98",75118
"99",75119
"100",75120
"101",75121
"102",75123
"103",75124
"104",75125
"105",75126
"106",75127
"107",75132
"108",75134
"109",75135
"110",75137
"111",75138
"112",75140
"113",75141
"114",75142
"115",75143
"116",75144
"117",75146
"118",75147
"119",75148
"120",75149
"121",75150
"122",75151
"123",75152
"124",75153
"125",75154
"126",75155
"127",75156
"128",75157
"129",75158
"130",75159
"131",75160
"132",75161
"133",75163
"134",75164
"135",75165
"136",75166
"137",75167
"138",75168
"139",75169
"140",75172
"141",75173
"142",75180
"143",75181
"144",75182
"145",75185
"146",75187
"147",75189
"148",75201
"149",75202
"150",75203
"151",75204
"152",75205
"153",75206
"154",75207
"155",75208
"156",75209
"157",75210
"158",75211
"159",75212
"160",75214
"161",75215
"162",75216
"163",75217
"164",75218
"165",75219
"166",75220
"167",75221
"168",75222
"169",75223
"170",75224
"171",75225
"172",75226
"173",75227
"174",75228
"175",75229
"176",75230
"177",75231
"178",75232
"179",75233
"180",75234
"181",75235
"182",75236
"183",75237
"184",75238
"185",75240
"186",75241
"187",75242
"188",75243
"189",75244
"190",75245
"191",75246
"192",75247
"193",75248
"194",75249
"195",75250
"196",75251
"197",75252
"198",75253
"199",75254
"200",75258
"201",75260
"202",75261
"203",75262
"204",75263
"205",75264
"206",75265
"207",75266
"208",75267
"209",75270
"210",75275
"211",75277
"212",75283
"213",75284
"214",75285
"215",75286
"216",75287
"217",75301
"218",75303
"219",75310
"220",75312
"221",75313
"222",75315
"223",75320
"224",75323
"225",75326
"226",75334
"227",75336
"228",75339
"229",75340
"230",75342
"231",75343
"232",75344
"233",75353
"234",75354
"235",75355
"236",75356
"237",75357
"238",75358
"239",75359
"240",75360
"241",75363
"242",75364
"243",75367
"244",75368
"245",75370
"246",75371
"247",75372
"248",75373
"249",75374
"250",75376
"251",75378
"252",75379
"253",75380
"254",75381
"255",75382
"256",75386
"257",75387
"258",75388
"259",75389
"260",75390
"261",75391
"262",75392
"263",75393
"264",75394
"265",75395
"266",75396
"267",75397
"268",75398
"269",75401
"270",75402
"271",75403
"272",75404
"273",75407
"274",75409
"275",75410
"276",75411
"277",75412
"278",75413
"279",75414
"280",75415
"281",75416
"282",75417
"283",75418
"284",75420
"285",75421
"286",75422
"287",75423
"288",75424
"289",75425
"290",75426
"291",75428
"292",75429
"293",75431
"294",75432
"295",75433
"296",75434
"297",75435
"298",75436
"299",75437
"300",75438
"301",75439
"302",75440
"303",75441
"304",75442
"305",75443
"306",75444
"307",75446
"308",75447
"309",75448
"310",75449
"311",75450
"312",75451
"313",75452
"314",75453
"315",75454
"316",75455
"317",75456
"318",75457
"319",75458
"320",75459
"321",75460
"322",75461
"323",75462
"324",75468
"325",75469
"326",75470
"327",75471
"328",75472
"329",75473
"330",75474
"331",75475
"332",75476
"333",75477
"334",75478
"335",75479
"336",75480
"337",75481
"338",75482
"339",75483
"340",75485
"341",75486
"342",75487
"343",75488
"344",75489
"345",75490
"346",75491
"347",75492
"348",75493
"349",75494
"350",75495
"351",75496
"352",75497
"353",75501
"354",75503
"355",75504
"356",75505
"357",75507
"358",75550
"359",75551
"360",75554
"361",75555
"362",75556
"363",75558
"364",75559
"365",75560
"366",75561
"367",75562
"368",75563
"369",75564
"370",75565
"371",75566
"372",75567
"373",75568
"374",75569
"375",75570
"376",75571
"377",75572
"378",75573
"379",75574
"380",75599
"381",75601
"382",75602
"383",75603
"384",75604
"385",75605
"386",75606
"387",75607
"388",75608
"389",75615
"390",75630
"391",75631
"392",75633
"393",75636
"394",75637
"395",75638
"396",75639
"397",75640
"398",75641
"399",75642
"400",75643
"401",75644
"402",75645
"403",75647
"404",75650
"405",75651
"406",75652
"407",75653
"408",75654
"409",75656
"410",75657
"411",75658
"412",75659
"413",75660
"414",75661
"415",75662
"416",75663
"417",75666
"418",75667
"419",75668
"420",75669
"421",75670
"422",75671
"423",75672
"424",75680
"425",75681
"426",75682
"427",75683
"428",75684
"429",75685
"430",75686
"431",75687
"432",75688
"433",75689
"434",75691
"435",75692
"436",75693
"437",75694
"438",75701
"439",75702
"440",75703
"441",75704
"442",75705
"443",75706
"444",75707
"445",75708
"446",75709
"447",75710
"448",75711
"449",75712
"450",75713
"451",75750
"452",75751
"453",75752
"454",75754
"455",75755
"456",75756
"457",75757
"458",75758
"459",75759
"460",75760
"461",75762
"462",75763
"463",75764
"464",75765
"465",75766
"466",75770
"467",75771
"468",75772
"469",75773
"470",75778
"471",75779
"472",75780
"473",75782
"474",75783
"475",75784
"476",75785
"477",75788
"478",75789
"479",75790
"480",75791
"481",75792
"482",75797
"483",75798
"484",75799
"485",75801
"486",75802
"487",75803
"488",75831
"489",75832
"490",75833
"491",75834
"492",75835
"493",75838
"494",75839
"495",75840
"496",75844
"497",75845
"498",75846
"499",75847
"500",75848
"501",75849
"502",75850
"503",75851
"504",75852
"505",75853
"506",75855
"507",75856
"508",75858
"509",75859
"510",75860
"511",75861
"512",75862
"513",75865
"514",75880
"515",75882
"516",75884
"517",75886
"518",75901
"519",75902
"520",75903
"521",75904
"522",75915
"523",75925
"524",75926
"525",75928
"526",75929
"527",75930
"528",75931
"529",75932
"530",75933
"531",75934
"532",75935
"533",75936
"534",75937
"535",75938
"536",75939
"537",75941
"538",75942
"539",75943
"540",75944
"541",75946
"542",75948
"543",75949
"544",75951
"545",75954
"546",75956
"547",75958
"548",75959
"549",75960
"550",75961
"551",75962
"552",75963
"553",75964
"554",75965
"555",75966
"556",75968
"557",75969
"558",75972
"559",75973
"560",75974
"561",75975
"562",75976
"563",75977
"564",75978
"565",75979
"566",75980
"567",75990
"568",76001
"569",76002
"570",76003
"571",76004
"572",76005
"573",76006
"574",76007
"575",76008
"576",76009
"577",76010
"578",76011
"579",76012
"580",76013
"581",76014
"582",76015
"583",76016
"584",76017
"585",76018
"586",76019
"587",76020
"588",76021
"589",76022
"590",76023
"591",76028
"592",76031
"593",76033
"594",76034
"595",76035
"596",76036
"597",76039
"598",76040
"599",76041
"600",76043
"601",76044
"602",76048
"603",76049
"604",76050
"605",76051
"606",76052
"607",76053
"608",76054
"609",76055
"610",76058
"611",76059
"612",76060
"613",76061
"614",76063
"615",76064
"616",76065
"617",76066
"618",76067
"619",76068
"620",76070
"621",76071
"622",76073
"623",76077
"624",76078
"625",76082
"626",76084
"627",76085
"628",76086
"629",76087
"630",76088
"631",76092
"632",76093
"633",76094
"634",76095
"635",76096
"636",76097
"637",76098
"638",76099
"639",76101
"640",76102
"641",76103
"642",76104
"643",76105
"644",76106
"645",76107
"646",76108
"647",76109
"648",76110
"649",76111
"650",76112
"651",76113
"652",76114
"653",76115
"654",76116
"655",76117
"656",76118
"657",76119
"658",76120
"659",76121
"660",76122
"661",76123
"662",76124
"663",76126
"664",76127
"665",76129
"666",76130
"667",76131
"668",76132
"669",76133
"670",76134
"671",76135
"672",76136
"673",76137
"674",76140
"675",76147
"676",76148
"677",76150
"678",76155
"679",76161
"680",76162
"681",76163
"682",76164
"683",76166
"684",76177
"685",76179
"686",76180
"687",76181
"688",76182
"689",76185
"690",76190
"691",76191
"692",76192
"693",76193
"694",76195
"695",76196
"696",76197
"697",76198
"698",76199
"699",76201
"700",76202
"701",76203
"702",76204
"703",76205
"704",76206
"705",76207
"706",76208
"707",76209
"708",76210
"709",76225
"710",76226
"711",76227
"712",76228
"713",76230
"714",76233
"715",76234
"716",76238
"717",76239
"718",76240
"719",76241
"720",76244
"721",76245
"722",76246
"723",76247
"724",76248
"725",76249
"726",76250
"727",76251
"728",76252
"729",76253
"730",76255
"731",76258
"732",76259
"733",76261
"734",76262
"735",76263
"736",76264
"737",76265
"738",76266
"739",76267
"740",76268
"741",76270
"742",76271
"743",76272
"744",76273
"745",76299
"746",76301
"747",76302
"748",76305
"749",76306
"750",76307
"751",76308
"752",76309
"753",76310
"754",76311
"755",76351
"756",76352
"757",76354
"758",76357
"759",76360
"760",76363
"761",76364
"762",76365
"763",76366
"764",76367
"765",76369
"766",76370
"767",76371
"768",76372
"769",76373
"770",76374
"771",76377
"772",76379
"773",76380
"774",76384
"775",76385
"776",76388
"777",76389
"778",76401
"779",76402
"780",76424
"781",76426
"782",76427
"783",76429
"784",76430
"785",76431
"786",76432
"787",76433
"788",76435
"789",76436
"790",76437
"791",76439
"792",76442
"793",76443
"794",76444
"795",76445
"796",76446
"797",76448
"798",76449
"799",76450
"800",76452
"801",76453
"802",76454
"803",76455
"804",76457
"805",76458
"806",76459
"807",76460
"808",76461
"809",76462
"810",76463
"811",76464
"812",76465
"813",76466
"814",76467
"815",76468
"816",76469
"817",76470
"818",76471
"819",76472
"820",76474
"821",76475
"822",76476
"823",76481
"824",76483
"825",76484
"826",76485
"827",76486
"828",76487
"829",76490
"830",76491
"831",76501
"832",76502
"833",76503
"834",76504
"835",76505
"836",76508
"837",76511
"838",76513
"839",76518
"840",76519
"841",76520
"842",76522
"843",76523
"844",76524
"845",76525
"846",76526
"847",76527
"848",76528
"849",76530
"850",76531
"851",76533
"852",76534
"853",76537
"854",76538
"855",76539
"856",76540
"857",76541
"858",76542
"859",76543
"860",76544
"861",76545
"862",76546
"863",76547
"864",76548
"865",76549
"866",76550
"867",76554
"868",76556
"869",76557
"870",76558
"871",76559
"872",76561
"873",76564
"874",76565
"875",76566
"876",76567
"877",76569
"878",76570
"879",76571
"880",76573
"881",76574
"882",76577
"883",76578
"884",76579
"885",76596
"886",76597
"887",76598
"888",76599
"889",76621
"890",76622
"891",76623
"892",76624
"893",76626
"894",76627
"895",76628
"896",76629
"897",76630
"898",76631
"899",76632
"900",76633
"901",76634
"902",76635
"903",76636
"904",76637
"905",76638
"906",76639
"907",76640
"908",76641
"909",76642
"910",76643
"911",76644
"912",76645
"913",76648
"914",76649
"915",76650
"916",76651
"917",76652
"918",76653
"919",76654
"920",76655
"921",76656
"922",76657
"923",76660
"924",76661
"925",76664
"926",76665
"927",76666
"928",76667
"929",76670
"930",76671
"931",76673
"932",76676
"933",76678
"934",76679
"935",76680
"936",76681
"937",76682
"938",76684
"939",76685
"940",76686
"941",76687
"942",76689
"943",76690
"944",76691
"945",76692
"946",76693
"947",76701
"948",76702
"949",76703
"950",76704
"951",76705
"952",76706
"953",76707
"954",76708
"955",76710
"956",76711
"957",76712
"958",76714
"959",76715
"960",76716
"961",76795
"962",76797
"963",76798
"964",76799
"965",76801
"966",76802
"967",76803
"968",76804
"969",76820
"970",76821
"971",76823
"972",76824
"973",76825
"974",76827
"975",76828
"976",76831
"977",76832
"978",76834
"979",76836
"980",76837
"981",76841
"982",76842
"983",76844
"984",76845
"985",76848
"986",76849
"987",76852
"988",76853
"989",76854
"990",76855
"991",76856
"992",76857
"993",76858
"994",76859
"995",76861
"996",76862
"997",76864
"998",76865
"999",76866
"1000",76869
"1001",76870
"1002",76871
"1003",76872
"1004",76873
"1005",76874
"1006",76875
"1007",76877
"1008",76878
"1009",76880
"1010",76882
"1011",76883
"1012",76884
"1013",76885
"1014",76886
"1015",76887
"1016",76888
"1017",76890
"1018",76901
"1019",76902
"1020",76903
"1021",76904
"1022",76905
"1023",76906
"1024",76908
"1025",76909
"1026",76930
"1027",76932
"1028",76933
"1029",76934
"1030",76935
"1031",76936
"1032",76937
"1033",76939
"1034",76940
"1035",76941
"1036",76943
"1037",76945
"1038",76949
"1039",76950
"1040",76951
"1041",76953
"1042",76955
"1043",76957
"1044",76958
"1045",77001
"1046",77002
"1047",77003
"1048",77004
"1049",77005
"1050",77006
"1051",77007
"1052",77008
"1053",77009
"1054",77010
"1055",77011
"1056",77012
"1057",77013
"1058",77014
"1059",77015
"1060",77016
"1061",77017
"1062",77018
"1063",77019
"1064",77020
"1065",77021
"1066",77022
"1067",77023
"1068",77024
"1069",77025
"1070",77026
"1071",77027
"1072",77028
"1073",77029
"1074",77030
"1075",77031
"1076",77032
"1077",77033
"1078",77034
"1079",77035
"1080",77036
"1081",77037
"1082",77038
"1083",77039
"1084",77040
"1085",77041
"1086",77042
"1087",77043
"1088",77044
"1089",77045
"1090",77046
"1091",77047
"1092",77048
"1093",77049
"1094",77050
"1095",77051
"1096",77052
"1097",77053
"1098",77054
"1099",77055
"1100",77056
"1101",77057
"1102",77058
"1103",77059
"1104",77060
"1105",77061
"1106",77062
"1107",77063
"1108",77064
"1109",77065
"1110",77066
"1111",77067
"1112",77068
"1113",77069
"1114",77070
"1115",77071
"1116",77072
"1117",77073
"1118",77074
"1119",77075
"1120",77076
"1121",77077
"1122",77078
"1123",77079
"1124",77080
"1125",77081
"1126",77082
"1127",77083
"1128",77084
"1129",77085
"1130",77086
"1131",77087
"1132",77088
"1133",77089
"1134",77090
"1135",77091
"1136",77092
"1137",77093
"1138",77094
"1139",77095
"1140",77096
"1141",77097
"1142",77098
"1143",77099
"1144",77201
"1145",77202
"1146",77203
"1147",77204
"1148",77205
"1149",77206
"1150",77207
"1151",77208
"1152",77209
"1153",77210
"1154",77212
"1155",77213
"1156",77215
"1157",77216
"1158",77217
"1159",77218
"1160",77219
"1161",77220
"1162",77221
"1163",77222
"1164",77223
"1165",77224
"1166",77225
"1167",77226
"1168",77227
"1169",77228
"1170",77229
"1171",77230
"1172",77231
"1173",77233
"1174",77234
"1175",77235
"1176",77236
"1177",77237
"1178",77238
"1179",77240
"1180",77241
"1181",77242
"1182",77243
"1183",77244
"1184",77245
"1185",77246
"1186",77247
"1187",77248
"1188",77249
"1189",77250
"1190",77251
"1191",77252
"1192",77253
"1193",77254
"1194",77255
"1195",77256
"1196",77257
"1197",77258
"1198",77259
"1199",77260
"1200",77261
"1201",77262
"1202",77263
"1203",77265
"1204",77266
"1205",77267
"1206",77268
"1207",77269
"1208",77270
"1209",77271
"1210",77272
"1211",77273
"1212",77274
"1213",77275
"1214",77276
"1215",77277
"1216",77278
"1217",77279
"1218",77280
"1219",77282
"1220",77284
"1221",77285
"1222",77286
"1223",77287
"1224",77288
"1225",77289
"1226",77290
"1227",77291
"1228",77292
"1229",77293
"1230",77294
"1231",77296
"1232",77297
"1233",77298
"1234",77299
"1235",77301
"1236",77302
"1237",77303
"1238",77304
"1239",77305
"1240",77306
"1241",77315
"1242",77316
"1243",77318
"1244",77320
"1245",77325
"1246",77326
"1247",77327
"1248",77328
"1249",77331
"1250",77332
"1251",77333
"1252",77334
"1253",77335
"1254",77336
"1255",77337
"1256",77338
"1257",77339
"1258",77340
"1259",77341
"1260",77342
"1261",77343
"1262",77344
"1263",77345
"1264",77346
"1265",77347
"1266",77348
"1267",77349
"1268",77350
"1269",77351
"1270",77353
"1271",77354
"1272",77355
"1273",77356
"1274",77357
"1275",77358
"1276",77359
"1277",77360
"1278",77362
"1279",77363
"1280",77364
"1281",77365
"1282",77367
"1283",77368
"1284",77369
"1285",77371
"1286",77372
"1287",77373
"1288",77374
"1289",77375
"1290",77376
"1291",77377
"1292",77378
"1293",77379
"1294",77380
"1295",77381
"1296",77382
"1297",77383
"1298",77384
"1299",77385
"1300",77386
"1301",77387
"1302",77388
"1303",77389
"1304",77391
"1305",77393
"1306",77396
"1307",77399
"1308",77401
"1309",77402
"1310",77404
"1311",77406
"1312",77407
"1313",77410
"1314",77411
"1315",77412
"1316",77413
"1317",77414
"1318",77415
"1319",77417
"1320",77418
"1321",77419
"1322",77420
"1323",77422
"1324",77423
"1325",77426
"1326",77428
"1327",77429
"1328",77430
"1329",77431
"1330",77432
"1331",77433
"1332",77434
"1333",77435
"1334",77436
"1335",77437
"1336",77440
"1337",77441
"1338",77442
"1339",77443
"1340",77444
"1341",77445
"1342",77446
"1343",77447
"1344",77448
"1345",77449
"1346",77450
"1347",77451
"1348",77452
"1349",77453
"1350",77454
"1351",77455
"1352",77456
"1353",77457
"1354",77458
"1355",77459
"1356",77460
"1357",77461
"1358",77463
"1359",77464
"1360",77465
"1361",77466
"1362",77467
"1363",77468
"1364",77469
"1365",77470
"1366",77471
"1367",77473
"1368",77474
"1369",77475
"1370",77476
"1371",77477
"1372",77478
"1373",77479
"1374",77480
"1375",77481
"1376",77482
"1377",77483
"1378",77484
"1379",77485
"1380",77486
"1381",77487
"1382",77488
"1383",77489
"1384",77491
"1385",77492
"1386",77493
"1387",77494
"1388",77496
"1389",77497
"1390",77498
"1391",77501
"1392",77502
"1393",77503
"1394",77504
"1395",77505
"1396",77506
"1397",77507
"1398",77508
"1399",77510
"1400",77511
"1401",77512
"1402",77514
"1403",77515
"1404",77516
"1405",77517
"1406",77518
"1407",77519
"1408",77520
"1409",77521
"1410",77522
"1411",77523
"1412",77530
"1413",77531
"1414",77532
"1415",77533
"1416",77534
"1417",77535
"1418",77536
"1419",77538
"1420",77539
"1421",77541
"1422",77542
"1423",77545
"1424",77546
"1425",77547
"1426",77549
"1427",77550
"1428",77551
"1429",77552
"1430",77553
"1431",77554
"1432",77555
"1433",77560
"1434",77561
"1435",77562
"1436",77563
"1437",77564
"1438",77565
"1439",77566
"1440",77568
"1441",77571
"1442",77572
"1443",77573
"1444",77574
"1445",77575
"1446",77577
"1447",77578
"1448",77580
"1449",77581
"1450",77582
"1451",77583
"1452",77584
"1453",77585
"1454",77586
"1455",77587
"1456",77588
"1457",77590
"1458",77591
"1459",77592
"1460",77597
"1461",77598
"1462",77611
"1463",77612
"1464",77613
"1465",77614
"1466",77615
"1467",77616
"1468",77617
"1469",77619
"1470",77622
"1471",77623
"1472",77624
"1473",77625
"1474",77626
"1475",77627
"1476",77629
"1477",77630
"1478",77631
"1479",77632
"1480",77639
"1481",77640
"1482",77641
"1483",77642
"1484",77643
"1485",77650
"1486",77651
"1487",77655
"1488",77656
"1489",77657
"1490",77659
"1491",77660
"1492",77661
"1493",77662
"1494",77663
"1495",77664
"1496",77665
"1497",77670
"1498",77701
"1499",77702
"1500",77703
"1501",77704
"1502",77705
"1503",77706
"1504",77707
"1505",77708
"1506",77709
"1507",77710
"1508",77713
"1509",77720
"1510",77725
"1511",77726
"1512",77801
"1513",77802
"1514",77803
"1515",77805
"1516",77806
"1517",77807
"1518",77808
"1519",77830
"1520",77831
"1521",77833
"1522",77834
"1523",77835
"1524",77836
"1525",77837
"1526",77838
"1527",77840
"1528",77841
"1529",77842
"1530",77843
"1531",77844
"1532",77845
"1533",77850
"1534",77852
"1535",77853
"1536",77855
"1537",77856
"1538",77857
"1539",77859
"1540",77861
"1541",77862
"1542",77863
"1543",77864
"1544",77865
"1545",77866
"1546",77867
"1547",77868
"1548",77869
"1549",77870
"1550",77871
"1551",77872
"1552",77873
"1553",77875
"1554",77876
"1555",77878
"1556",77879
"1557",77880
"1558",77881
"1559",77882
"1560",77901
"1561",77902
"1562",77903
"1563",77904
"1564",77905
"1565",77950
"1566",77951
"1567",77954
"1568",77957
"1569",77960
"1570",77961
"1571",77962
"1572",77963
"1573",77964
"1574",77967
"1575",77968
"1576",77969
"1577",77970
"1578",77971
"1579",77973
"1580",77974
"1581",77975
"1582",77976
"1583",77977
"1584",77978
"1585",77979
"1586",77982
"1587",77983
"1588",77984
"1589",77986
"1590",77987
"1591",77988
"1592",77989
"1593",77990
"1594",77991
"1595",77993
"1596",77994
"1597",77995
"1598",78001
"1599",78002
"1600",78003
"1601",78004
"1602",78005
"1603",78006
"1604",78007
"1605",78008
"1606",78009
"1607",78010
"1608",78011
"1609",78012
"1610",78013
"1611",78014
"1612",78015
"1613",78016
"1614",78017
"1615",78019
"1616",78021
"1617",78022
"1618",78023
"1619",78024
"1620",78025
"1621",78026
"1622",78027
"1623",78028
"1624",78029
"1625",78039
"1626",78040
"1627",78041
"1628",78042
"1629",78043
"1630",78044
"1631",78045
"1632",78046
"1633",78049
"1634",78050
"1635",78052
"1636",78054
"1637",78055
"1638",78056
"1639",78057
"1640",78058
"1641",78059
"1642",78060
"1643",78061
"1644",78062
"1645",78063
"1646",78064
"1647",78065
"1648",78066
"1649",78067
"1650",78069
"1651",78070
"1652",78071
"1653",78072
"1654",78073
"1655",78074
"1656",78075
"1657",78076
"1658",78101
"1659",78102
"1660",78104
"1661",78107
"1662",78108
"1663",78109
"1664",78111
"1665",78112
"1666",78113
"1667",78114
"1668",78115
"1669",78116
"1670",78117
"1671",78118
"1672",78119
"1673",78121
"1674",78122
"1675",78123
"1676",78124
"1677",78125
"1678",78130
"1679",78131
"1680",78132
"1681",78133
"1682",78135
"1683",78140
"1684",78141
"1685",78142
"1686",78143
"1687",78144
"1688",78145
"1689",78146
"1690",78147
"1691",78148
"1692",78150
"1693",78151
"1694",78152
"1695",78154
"1696",78155
"1697",78156
"1698",78159
"1699",78160
"1700",78161
"1701",78162
"1702",78163
"1703",78164
"1704",78201
"1705",78202
"1706",78203
"1707",78204
"1708",78205
"1709",78206
"1710",78207
"1711",78208
"1712",78209
"1713",78210
"1714",78211
"1715",78212
"1716",78213
"1717",78214
"1718",78215
"1719",78216
"1720",78217
"1721",78218
"1722",78219
"1723",78220
"1724",78221
"1725",78222
"1726",78223
"1727",78224
"1728",78225
"1729",78226
"1730",78227
"1731",78228
"1732",78229
"1733",78230
"1734",78231
"1735",78232
"1736",78233
"1737",78234
"1738",78235
"1739",78236
"1740",78237
"1741",78238
"1742",78239
"1743",78240
"1744",78241
"1745",78242
"1746",78243
"1747",78244
"1748",78245
"1749",78246
"1750",78247
"1751",78248
"1752",78249
"1753",78250
"1754",78251
"1755",78252
"1756",78253
"1757",78254
"1758",78255
"1759",78256
"1760",78257
"1761",78258
"1762",78259
"1763",78260
"1764",78261
"1765",78262
"1766",78263
"1767",78264
"1768",78265
"1769",78266
"1770",78268
"1771",78269
"1772",78270
"1773",78275
"1774",78278
"1775",78279
"1776",78280
"1777",78283
"1778",78284
"1779",78285
"1780",78286
"1781",78287
"1782",78288
"1783",78289
"1784",78291
"1785",78292
"1786",78293
"1787",78294
"1788",78295
"1789",78296
"1790",78297
"1791",78298
"1792",78299
"1793",78330
"1794",78332
"1795",78333
"1796",78335
"1797",78336
"1798",78338
"1799",78339
"1800",78340
"1801",78341
"1802",78342
"1803",78343
"1804",78344
"1805",78347
"1806",78349
"1807",78350
"1808",78351
"1809",78352
"1810",78353
"1811",78355
"1812",78357
"1813",78358
"1814",78359
"1815",78360
"1816",78361
"1817",78362
"1818",78363
"1819",78364
"1820",78368
"1821",78369
"1822",78370
"1823",78371
"1824",78372
"1825",78373
"1826",78374
"1827",78375
"1828",78376
"1829",78377
"1830",78379
"1831",78380
"1832",78381
"1833",78382
"1834",78383
"1835",78384
"1836",78385
"1837",78387
"1838",78389
"1839",78390
"1840",78391
"1841",78393
"1842",78401
"1843",78402
"1844",78403
"1845",78404
"1846",78405
"1847",78406
"1848",78407
"1849",78408
"1850",78409
"1851",78410
"1852",78411
"1853",78412
"1854",78413
"1855",78414
"1856",78415
"1857",78416
"1858",78417
"1859",78418
"1860",78419
"1861",78426
"1862",78427
"1863",78460
"1864",78461
"1865",78463
"1866",78465
"1867",78466
"1868",78467
"1869",78468
"1870",78469
"1871",78470
"1872",78471
"1873",78472
"1874",78473
"1875",78474
"1876",78475
"1877",78476
"1878",78477
"1879",78478
"1880",78480
"1881",78501
"1882",78502
"1883",78503
"1884",78504
"1885",78505
"1886",78516
"1887",78520
"1888",78521
"1889",78522
"1890",78523
"1891",78526
"1892",78535
"1893",78536
"1894",78537
"1895",78538
"1896",78539
"1897",78540
"1898",78541
"1899",78542
"1900",78543
"1901",78545
"1902",78547
"1903",78548
"1904",78549
"1905",78550
"1906",78551
"1907",78552
"1908",78553
"1909",78557
"1910",78558
"1911",78559
"1912",78560
"1913",78561
"1914",78562
"1915",78563
"1916",78564
"1917",78565
"1918",78566
"1919",78567
"1920",78568
"1921",78569
"1922",78570
"1923",78572
"1924",78573
"1925",78574
"1926",78575
"1927",78576
"1928",78577
"1929",78578
"1930",78579
"1931",78580
"1932",78582
"1933",78583
"1934",78584
"1935",78585
"1936",78586
"1937",78588
"1938",78589
"1939",78590
"1940",78591
"1941",78592
"1942",78593
"1943",78594
"1944",78595
"1945",78596
"1946",78597
"1947",78598
"1948",78599
"1949",78602
"1950",78604
"1951",78605
"1952",78606
"1953",78607
"1954",78608
"1955",78609
"1956",78610
"1957",78611
"1958",78612
"1959",78613
"1960",78614
"1961",78615
"1962",78616
"1963",78617
"1964",78618
"1965",78619
"1966",78620
"1967",78621
"1968",78622
"1969",78623
"1970",78624
"1971",78626
"1972",78627
"1973",78628
"1974",78629
"1975",78630
"1976",78631
"1977",78632
"1978",78633
"1979",78634
"1980",78635
"1981",78636
"1982",78638
"1983",78639
"1984",78640
"1985",78641
"1986",78642
"1987",78643
"1988",78644
"1989",78645
"1990",78646
"1991",78648
"1992",78650
"1993",78651
"1994",78652
"1995",78653
"1996",78654
"1997",78655
"1998",78656
"1999",78657
"2000",78658
"2001",78659
"2002",78660
"2003",78661
"2004",78662
"2005",78663
"2006",78664
"2007",78665
"2008",78666
"2009",78667
"2010",78669
"2011",78670
"2012",78671
"2013",78672
"2014",78673
"2015",78674
"2016",78675
"2017",78676
"2018",78677
"2019",78680
"2020",78681
"2021",78682
"2022",78683
"2023",78691
"2024",78701
"2025",78702
"2026",78703
"2027",78704
"2028",78705
"2029",78708
"2030",78709
"2031",78710
"2032",78711
"2033",78712
"2034",78713
"2035",78714
"2036",78715
"2037",78716
"2038",78717
"2039",78718
"2040",78719
"2041",78720
"2042",78721
"2043",78722
"2044",78723
"2045",78724
"2046",78725
"2047",78726
"2048",78727
"2049",78728
"2050",78729
"2051",78730
"2052",78731
"2053",78732
"2054",78733
"2055",78734
"2056",78735
"2057",78736
"2058",78737
"2059",78738
"2060",78739
"2061",78741
"2062",78742
"2063",78744
"2064",78745
"2065",78746
"2066",78747
"2067",78748
"2068",78749
"2069",78750
"2070",78751
"2071",78752
"2072",78753
"2073",78754
"2074",78755
"2075",78756
"2076",78757
"2077",78758
"2078",78759
"2079",78760
"2080",78761
"2081",78762
"2082",78763
"2083",78764
"2084",78765
"2085",78766
"2086",78767
"2087",78768
"2088",78769
"2089",78772
"2090",78773
"2091",78774
"2092",78778
"2093",78779
"2094",78780
"2095",78781
"2096",78783
"2097",78785
"2098",78786
"2099",78788
"2100",78789
"2101",78798
"2102",78799
"2103",78801
"2104",78802
"2105",78827
"2106",78828
"2107",78829
"2108",78830
"2109",78832
"2110",78833
"2111",78834
"2112",78836
"2113",78837
"2114",78838
"2115",78839
"2116",78840
"2117",78841
"2118",78842
"2119",78843
"2120",78847
"2121",78850
"2122",78851
"2123",78852
"2124",78853
"2125",78860
"2126",78861
"2127",78870
"2128",78871
"2129",78872
"2130",78873
"2131",78877
"2132",78879
"2133",78880
"2134",78881
"2135",78883
"2136",78884
"2137",78885
"2138",78886
"2139",78931
"2140",78932
"2141",78933
"2142",78934
"2143",78935
"2144",78938
"2145",78940
"2146",78941
"2147",78942
"2148",78943
"2149",78944
"2150",78945
"2151",78946
"2152",78947
"2153",78948
"2154",78949
"2155",78950
"2156",78951
"2157",78952
"2158",78953
"2159",78954
"2160",78956
"2161",78957
"2162",78959
"2163",78960
"2164",78961
"2165",78962
"2166",78963
"2167",79001
"2168",79002
"2169",79003
"2170",79005
"2171",79007
"2172",79008
"2173",79009
"2174",79010
"2175",79011
"2176",79012
"2177",79013
"2178",79014
"2179",79015
"2180",79016
"2181",79018
"2182",79019
"2183",79021
"2184",79022
"2185",79024
"2186",79025
"2187",79027
"2188",79029
"2189",79031
"2190",79032
"2191",79033
"2192",79034
"2193",79035
"2194",79036
"2195",79039
"2196",79040
"2197",79041
"2198",79042
"2199",79043
"2200",79044
"2201",79045
"2202",79046
"2203",79051
"2204",79052
"2205",79053
"2206",79054
"2207",79056
"2208",79057
"2209",79058
"2210",79059
"2211",79061
"2212",79062
"2213",79063
"2214",79064
"2215",79065
"2216",79066
"2217",79068
"2218",79070
"2219",79072
"2220",79073
"2221",79077
"2222",79078
"2223",79079
"2224",79080
"2225",79081
"2226",79082
"2227",79083
"2228",79084
"2229",79085
"2230",79086
"2231",79087
"2232",79088
"2233",79091
"2234",79092
"2235",79093
"2236",79094
"2237",79095
"2238",79096
"2239",79097
"2240",79098
"2241",79101
"2242",79102
"2243",79103
"2244",79104
"2245",79105
"2246",79106
"2247",79107
"2248",79108
"2249",79109
"2250",79110
"2251",79111
"2252",79114
"2253",79116
"2254",79117
"2255",79118
"2256",79119
"2257",79120
"2258",79121
"2259",79124
"2260",79159
"2261",79166
"2262",79168
"2263",79172
"2264",79174
"2265",79178
"2266",79185
"2267",79187
"2268",79189
"2269",79201
"2270",79220
"2271",79221
"2272",79223
"2273",79225
"2274",79226
"2275",79227
"2276",79229
"2277",79230
"2278",79231
"2279",79233
"2280",79234
"2281",79235
"2282",79236
"2283",79237
"2284",79239
"2285",79240
"2286",79241
"2287",79243
"2288",79244
"2289",79245
"2290",79247
"2291",79248
"2292",79250
"2293",79251
"2294",79252
"2295",79255
"2296",79256
"2297",79257
"2298",79258
"2299",79259
"2300",79261
"2301",79311
"2302",79312
"2303",79313
"2304",79314
"2305",79316
"2306",79320
"2307",79322
"2308",79323
"2309",79324
"2310",79325
"2311",79326
"2312",79329
"2313",79330
"2314",79331
"2315",79336
"2316",79338
"2317",79339
"2318",79342
"2319",79343
"2320",79344
"2321",79345
"2322",79346
"2323",79347
"2324",79350
"2325",79351
"2326",79353
"2327",79355
"2328",79356
"2329",79357
"2330",79358
"2331",79359
"2332",79360
"2333",79363
"2334",79364
"2335",79366
"2336",79367
"2337",79369
"2338",79370
"2339",79371
"2340",79372
"2341",79373
"2342",79376
"2343",79377
"2344",79378
"2345",79379
"2346",79380
"2347",79381
"2348",79382
"2349",79383
"2350",79401
"2351",79402
"2352",79403
"2353",79404
"2354",79405
"2355",79406
"2356",79407
"2357",79408
"2358",79409
"2359",79410
"2360",79411
"2361",79412
"2362",79413
"2363",79414
"2364",79415
"2365",79416
"2366",79423
"2367",79424
"2368",79430
"2369",79452
"2370",79453
"2371",79457
"2372",79464
"2373",79490
"2374",79491
"2375",79493
"2376",79499
"2377",79501
"2378",79502
"2379",79503
"2380",79504
"2381",79505
"2382",79506
"2383",79508
"2384",79510
"2385",79511
"2386",79512
"2387",79516
"2388",79517
"2389",79518
"2390",79519
"2391",79520
"2392",79521
"2393",79525
"2394",79526
"2395",79527
"2396",79528
"2397",79529
"2398",79530
"2399",79532
"2400",79533
"2401",79534
"2402",79535
"2403",79536
"2404",79537
"2405",79538
"2406",79539
"2407",79540
"2408",79541
"2409",79543
"2410",79544
"2411",79545
"2412",79546
"2413",79547
"2414",79548
"2415",79549
"2416",79550
"2417",79553
"2418",79556
"2419",79560
"2420",79561
"2421",79562
"2422",79563
"2423",79565
"2424",79566
"2425",79567
"2426",79601
"2427",79602
"2428",79603
"2429",79604
"2430",79605
"2431",79606
"2432",79607
"2433",79608
"2434",79697
"2435",79698
"2436",79699
"2437",79701
"2438",79702
"2439",79703
"2440",79704
"2441",79705
"2442",79706
"2443",79707
"2444",79708
"2445",79710
"2446",79711
"2447",79712
"2448",79713
"2449",79714
"2450",79718
"2451",79719
"2452",79720
"2453",79721
"2454",79730
"2455",79731
"2456",79733
"2457",79734
"2458",79735
"2459",79738
"2460",79739
"2461",79740
"2462",79741
"2463",79742
"2464",79743
"2465",79744
"2466",79745
"2467",79748
"2468",79749
"2469",79752
"2470",79754
"2471",79755
"2472",79756
"2473",79758
"2474",79759
"2475",79760
"2476",79761
"2477",79762
"2478",79763
"2479",79764
"2480",79765
"2481",79766
"2482",79768
"2483",79769
"2484",79770
"2485",79772
"2486",79776
"2487",79777
"2488",79778
"2489",79780
"2490",79781
"2491",79782
"2492",79783
"2493",79785
"2494",79786
"2495",79788
"2496",79789
"2497",79821
"2498",79830
"2499",79831
"2500",79832
"2501",79834
"2502",79835
"2503",79836
"2504",79837
"2505",79838
"2506",79839
"2507",79842
"2508",79843
"2509",79845
"2510",79846
"2511",79847
"2512",79848
"2513",79849
"2514",79851
"2515",79852
"2516",79853
"2517",79854
"2518",79855
"2519",79901
"2520",79902
"2521",79903
"2522",79904
"2523",79905
"2524",79906
"2525",79907
"2526",79908
"2527",79910
"2528",79911
"2529",79912
"2530",79913
"2531",79914
"2532",79915
"2533",79916
"2534",79917
"2535",79918
"2536",79920
"2537",79922
"2538",79923
"2539",79924
"2540",79925
"2541",79926
"2542",79927
"2543",79928
"2544",79929
"2545",79930
"2546",79931
"2547",79932
"2548",79934
"2549",79935
"2550",79936
"2551",79937
"2552",79938
"2553",79940
"2554",79941
"2555",79942
"2556",79943
"2557",79944
"2558",79945
"2559",79946
"2560",79947
"2561",79948
"2562",79949
"2563",79950
"2564",79951
"2565",79952
"2566",79953
"2567",79954
"2568",79955
"2569",79958
"2570",79960
"2571",79961
"2572",79968
"2573",79976
"2574",79978
"2575",79980
"2576",79990
"2577",79995
"2578",79996
"2579",79997
"2580",79998
"2581",79999
"2582",88510
"2583",88511
"2584",88512
"2585",88513
"2586",88514
"2587",88515
"2588",88516
"2589",88517
"2590",88518
"2591",88519
"2592",88520
"2593",88521
"2594",88523
"2595",88524
"2596",88525
"2597",88526
"2598",88527
"2599",88528
"2600",88529
"2601",88530
"2602",88531
"2603",88532
"2604",88533
"2605",88534
"2606",88535
"2607",88536
"2608",88538
"2609",88539
"2610",88540
"2611",88541
"2612",88542
"2613",88543
"2614",88544
"2615",88545
"2616",88546
"2617",88547
"2618",88548
"2619",88549
"2620",88550
"2621",88553
"2622",88554
"2623",88555
"2624",88556
"2625",88557
"2626",88558
"2627",88559
"2628",88560
"2629",88561
"2630",88562
"2631",88563
"2632",88565
"2633",88566
"2634",88567
"2635",88568
"2636",88569
"2637",88570
"2638",88571
"2639",88572
"2640",88573
"2641",88574
"2642",88575
"2643",88576
"2644",88577
"2645",88578
"2646",88579
"2647",88580
"2648",88581
"2649",88582
"2650",88583
"2651",88584
"2652",88585
"2653",88586
"2654",88587
"2655",88588
"2656",88589
"2657",88590
"2658",88595
